model,state_idx,truth_state,truth_cls14,pred_state,pred_cls14,correct_32,correct_14,margin,argmax_q,second_q,infer_us
v1234_factory,0,s00000,A1,s11001,A2,0,0,9,9,0,1893
v1234_factory,1,s10000,A2,s10000,A2,1,1,2,48,46,1893
v1234_factory,2,s01000,A1,s11001,A2,0,0,8,11,3,1893
v1234_factory,3,s11000,A2,s11000,A2,1,1,13,41,28,1893
v1234_factory,4,s00100,A1,s11001,A2,0,0,9,4,-5,1893
v1234_factory,5,s10100,A2,s10000,A2,0,1,3,38,35,1893
v1234_factory,6,s01100,A1,s11001,A2,0,0,13,12,-1,1893
v1234_factory,7,s11100,A2,s11000,A2,0,1,21,43,22,1893
v1234_factory,8,s00010,B1,s00010,B1,1,1,5,17,12,1893
v1234_factory,9,s10010,B2,s11010,B4,0,0,5,24,19,1893
v1234_factory,10,s01010,B3,s01010,B3,1,1,15,29,14,1893
v1234_factory,11,s11010,B4,s11010,B4,1,1,49,43,-6,1893
v1234_factory,12,s00110,B1,s11001,A2,0,0,4,11,7,1893
v1234_factory,13,s10110,B2,s10110,B2,1,1,4,18,14,1893
v1234_factory,14,s01110,B3,s01010,B3,0,1,14,27,13,1893
v1234_factory,15,s11110,B4,s11010,B4,0,1,48,41,-7,1893
v1234_factory,16,s00001,A1,s11001,A2,0,0,9,8,-1,1893
v1234_factory,17,s10001,A2,s10001,A2,1,1,7,37,30,1893
v1234_factory,18,s01001,A1,s11001,A2,0,0,14,23,9,1894
v1234_factory,19,s11001,A2,s11000,A2,0,1,12,24,12,1893
v1234_factory,20,s00101,A1,s11001,A2,0,0,13,3,-10,1893
v1234_factory,21,s10101,A2,s10001,A2,0,1,7,25,18,1893
v1234_factory,22,s01101,A1,s11001,A2,0,0,17,19,2,1893
v1234_factory,23,s11101,A2,s11000,A2,0,1,18,24,6,1893
v1234_factory,24,s00011,C1,s11000,A2,0,0,4,8,4,1893
v1234_factory,25,s10011,C2,s10000,A2,0,0,8,5,-3,1893
v1234_factory,26,s01011,C3,s11000,A2,0,0,7,4,-3,1893
v1234_factory,27,s11011,C4,s11000,A2,0,0,7,4,-3,1893
v1234_factory,28,s00111,C5,s10001,A2,0,0,5,-1,-6,1893
v1234_factory,29,s10111,C6,s10111,C6,1,1,4,15,11,1893
v1234_factory,30,s01111,C7,s11000,A2,0,0,6,1,-5,1893
v1234_factory,31,s11111,C8,s11000,A2,0,0,6,16,10,1893
v1234_live,0,s00000,A1,s00000,A1,1,1,40,107,67,1893
v1234_live,1,s10000,A2,s10000,A2,1,1,18,54,36,1893
v1234_live,2,s01000,A1,s01000,A1,1,1,24,71,47,1893
v1234_live,3,s11000,A2,s11000,A2,1,1,23,37,14,1893
v1234_live,4,s00100,A1,s00000,A1,0,1,16,81,65,1893
v1234_live,5,s10100,A2,s10000,A2,0,1,21,43,22,1893
v1234_live,6,s01100,A1,s01100,A1,1,1,21,70,49,1893
v1234_live,7,s11100,A2,s11000,A2,0,1,24,26,2,1893
v1234_live,8,s00010,B1,s00010,B1,1,1,7,2,-5,1893
v1234_live,9,s10010,B2,s10010,B2,1,1,20,21,1,1893
v1234_live,10,s01010,B3,s01010,B3,1,1,30,23,-7,1893
v1234_live,11,s11010,B4,s11010,B4,1,1,37,41,4,1894
v1234_live,12,s00110,B1,s00110,B1,1,1,15,14,-1,1893
v1234_live,13,s10110,B2,s10110,B2,1,1,17,4,-13,1893
v1234_live,14,s01110,B3,s01010,B3,0,1,26,14,-12,1893
v1234_live,15,s11110,B4,s11010,B4,0,1,33,31,-2,1893
v1234_live,16,s00001,A1,s00100,A1,0,1,21,32,11,1893
v1234_live,17,s10001,A2,s10001,A2,1,1,27,33,6,1893
v1234_live,18,s01001,A1,s01100,A1,0,1,16,16,0,1893
v1234_live,19,s11001,A2,s11000,A2,0,1,4,17,13,1893
v1234_live,20,s00101,A1,s01100,A1,0,1,7,34,27,1893
v1234_live,21,s10101,A2,s10001,A2,0,1,3,-4,-7,1893
v1234_live,22,s01101,A1,s01100,A1,0,1,39,43,4,1893
v1234_live,23,s11101,A2,s11100,A2,0,1,7,6,-1,1893
v1234_live,24,s00011,C1,s00011,C1,1,1,8,11,3,1893
v1234_live,25,s10011,C2,s10111,C6,0,0,5,7,2,1893
v1234_live,26,s01011,C3,s01011,C3,1,1,28,22,-6,1893
v1234_live,27,s11011,C4,s11011,C4,1,1,18,5,-13,1893
v1234_live,28,s00111,C5,s00111,C5,1,1,19,12,-7,1893
v1234_live,29,s10111,C6,s10111,C6,1,1,26,37,11,1893
v1234_live,30,s01111,C7,s01111,C7,1,1,7,-6,-13,1893
v1234_live,31,s11111,C8,s11111,C8,1,1,27,28,1,1893
v12345_10f_live,0,s00000,A1,s00000,A1,1,1,45,124,79,1894
v12345_10f_live,1,s10000,A2,s10000,A2,1,1,31,59,28,1893
v12345_10f_live,2,s01000,A1,s01000,A1,1,1,33,63,30,1893
v12345_10f_live,3,s11000,A2,s11000,A2,1,1,43,67,24,1893
v12345_10f_live,4,s00100,A1,s00000,A1,0,1,20,99,79,1893
v12345_10f_live,5,s10100,A2,s10000,A2,0,1,7,50,43,1893
v12345_10f_live,6,s01100,A1,s01100,A1,1,1,12,48,36,1893
v12345_10f_live,7,s11100,A2,s11000,A2,0,1,2,46,44,1893
v12345_10f_live,8,s00010,B1,s00010,B1,1,1,59,55,-4,1893
v12345_10f_live,9,s10010,B2,s10010,B2,1,1,54,69,15,1893
v12345_10f_live,10,s01010,B3,s01010,B3,1,1,64,64,0,1893
v12345_10f_live,11,s11010,B4,s11010,B4,1,1,50,64,14,1893
v12345_10f_live,12,s00110,B1,s00110,B1,1,1,25,36,11,1893
v12345_10f_live,13,s10110,B2,s10110,B2,1,1,40,62,22,1893
v12345_10f_live,14,s01110,B3,s01110,B3,1,1,19,48,29,1893
v12345_10f_live,15,s11110,B4,s11110,B4,1,1,21,52,31,1893
v12345_10f_live,16,s00001,A1,s00001,A1,1,1,20,37,17,1893
v12345_10f_live,17,s10001,A2,s10001,A2,1,1,38,56,18,1893
v12345_10f_live,18,s01001,A1,s01001,A1,1,1,11,26,15,1893
v12345_10f_live,19,s11001,A2,s11001,A2,1,1,7,36,29,1893
v12345_10f_live,20,s00101,A1,s00001,A1,0,1,0,26,26,1893
v12345_10f_live,21,s10101,A2,s10101,A2,1,1,17,33,16,1893
v12345_10f_live,22,s01101,A1,s01101,A1,1,1,5,19,14,1893
v12345_10f_live,23,s11101,A2,s11101,A2,1,1,16,41,25,1893
v12345_10f_live,24,s00011,C1,s00011,C1,1,1,56,64,8,1893
v12345_10f_live,25,s10011,C2,s10011,C2,1,1,59,84,25,1893
v12345_10f_live,26,s01011,C3,s01011,C3,1,1,67,69,2,1893
v12345_10f_live,27,s11011,C4,s11011,C4,1,1,59,71,12,1893
v12345_10f_live,28,s00111,C5,s00111,C5,1,1,49,62,13,1893
v12345_10f_live,29,s10111,C6,s10111,C6,1,1,62,79,17,1893
v12345_10f_live,30,s01111,C7,s01111,C7,1,1,24,47,23,1893
v12345_10f_live,31,s11111,C8,s11111,C8,1,1,27,46,19,1893
v12345_50f_factory,0,s00000,A1,s01101,A1,0,1,6,-7,-13,1894
v12345_50f_factory,1,s10000,A2,s10000,A2,1,1,24,48,24,1893
v12345_50f_factory,2,s01000,A1,s01101,A1,0,1,7,-5,-12,1893
v12345_50f_factory,3,s11000,A2,s11000,A2,1,1,25,35,10,1893
v12345_50f_factory,4,s00100,A1,s01101,A1,0,1,14,-1,-15,1893
v12345_50f_factory,5,s10100,A2,s10000,A2,0,1,8,25,17,1893
v12345_50f_factory,6,s01100,A1,s01101,A1,0,1,8,8,0,1893
v12345_50f_factory,7,s11100,A2,s11000,A2,0,1,18,19,1,1893
v12345_50f_factory,8,s00010,B1,s00010,B1,1,1,25,42,17,1893
v12345_50f_factory,9,s10010,B2,s10010,B2,1,1,58,65,7,1893
v12345_50f_factory,10,s01010,B3,s01010,B3,1,1,58,58,0,1893
v12345_50f_factory,11,s11010,B4,s11010,B4,1,1,46,58,12,1893
v12345_50f_factory,12,s00110,B1,s00110,B1,1,1,1,21,20,1893
v12345_50f_factory,13,s10110,B2,s10110,B2,1,1,15,50,35,1893
v12345_50f_factory,14,s01110,B3,s01010,B3,0,1,31,47,16,1893
v12345_50f_factory,15,s11110,B4,s11010,B4,0,1,22,51,29,1893
v12345_50f_factory,16,s00001,A1,s00101,A1,0,1,1,-20,-21,1893
v12345_50f_factory,17,s10001,A2,s10001,A2,1,1,35,42,7,1893
v12345_50f_factory,18,s01001,A1,s01001,A1,1,1,4,-4,-8,1893
v12345_50f_factory,19,s11001,A2,s11001,A2,1,1,1,13,12,1893
v12345_50f_factory,20,s00101,A1,s01101,A1,0,1,4,-6,-10,1893
v12345_50f_factory,21,s10101,A2,s10101,A2,1,1,2,17,15,1893
v12345_50f_factory,22,s01101,A1,s01101,A1,1,1,26,14,-12,1893
v12345_50f_factory,23,s11101,A2,s11001,A2,0,1,20,6,-14,1893
v12345_50f_factory,24,s00011,C1,s00011,C1,1,1,38,26,-12,1893
v12345_50f_factory,25,s10011,C2,s10011,C2,1,1,31,29,-2,1893
v12345_50f_factory,26,s01011,C3,s01011,C3,1,1,22,22,0,1893
v12345_50f_factory,27,s11011,C4,s11011,C4,1,1,32,29,-3,1893
v12345_50f_factory,28,s00111,C5,s00111,C5,1,1,9,28,19,1894
v12345_50f_factory,29,s10111,C6,s10111,C6,1,1,35,52,17,1893
v12345_50f_factory,30,s01111,C7,s01111,C7,1,1,19,31,12,1893
v12345_50f_factory,31,s11111,C8,s11111,C8,1,1,20,27,7,1893
v12345_50f_live,0,s00000,A1,s00000,A1,1,1,37,127,90,1894
v12345_50f_live,1,s10000,A2,s10000,A2,1,1,40,72,32,1893
v12345_50f_live,2,s01000,A1,s01000,A1,1,1,46,100,54,1893
v12345_50f_live,3,s11000,A2,s11000,A2,1,1,39,85,46,1894
v12345_50f_live,4,s00100,A1,s00100,A1,1,1,36,87,51,1893
v12345_50f_live,5,s10100,A2,s10100,A2,1,1,24,48,24,1893
v12345_50f_live,6,s01100,A1,s01100,A1,1,1,41,76,35,1893
v12345_50f_live,7,s11100,A2,s11100,A2,1,1,19,69,50,1893
v12345_50f_live,8,s00010,B1,s00010,B1,1,1,42,73,31,1893
v12345_50f_live,9,s10010,B2,s10010,B2,1,1,60,88,28,1893
v12345_50f_live,10,s01010,B3,s01010,B3,1,1,58,85,27,1893
v12345_50f_live,11,s11010,B4,s11010,B4,1,1,42,74,32,1893
v12345_50f_live,12,s00110,B1,s00110,B1,1,1,65,81,16,1893
v12345_50f_live,13,s10110,B2,s10110,B2,1,1,70,87,17,1893
v12345_50f_live,14,s01110,B3,s01110,B3,1,1,53,85,32,1893
v12345_50f_live,15,s11110,B4,s11110,B4,1,1,59,79,20,1893
v12345_50f_live,16,s00001,A1,s00001,A1,1,1,41,64,23,1893
v12345_50f_live,17,s10001,A2,s10001,A2,1,1,40,80,40,1893
v12345_50f_live,18,s01001,A1,s01001,A1,1,1,36,68,32,1893
v12345_50f_live,19,s11001,A2,s11001,A2,1,1,44,77,33,1893
v12345_50f_live,20,s00101,A1,s00101,A1,1,1,36,58,22,1893
v12345_50f_live,21,s10101,A2,s10101,A2,1,1,53,74,21,1893
v12345_50f_live,22,s01101,A1,s01101,A1,1,1,29,65,36,1893
v12345_50f_live,23,s11101,A2,s11101,A2,1,1,37,72,35,1893
v12345_50f_live,24,s00011,C1,s00011,C1,1,1,42,69,27,1893
v12345_50f_live,25,s10011,C2,s10011,C2,1,1,56,84,28,1893
v12345_50f_live,26,s01011,C3,s01011,C3,1,1,54,94,40,1893
v12345_50f_live,27,s11011,C4,s11011,C4,1,1,61,83,22,1893
v12345_50f_live,28,s00111,C5,s00111,C5,1,1,59,91,32,1893
v12345_50f_live,29,s10111,C6,s10111,C6,1,1,61,87,26,1893
v12345_50f_live,30,s01111,C7,s01111,C7,1,1,63,98,35,1893
v12345_50f_live,31,s11111,C8,s11111,C8,1,1,74,93,19,1893
v12345_50f_live_noiselow,0,s00000,A1,s00000,A1,1,1,38,127,89,1893
v12345_50f_live_noiselow,1,s10000,A2,s10000,A2,1,1,26,68,42,1893
v12345_50f_live_noiselow,2,s01000,A1,s01000,A1,1,1,46,100,54,1893
v12345_50f_live_noiselow,3,s11000,A2,s11000,A2,1,1,19,82,63,1893
v12345_50f_live_noiselow,4,s00100,A1,s00100,A1,1,1,40,88,48,1893
v12345_50f_live_noiselow,5,s10100,A2,s10100,A2,1,1,41,62,21,1893
v12345_50f_live_noiselow,6,s01100,A1,s01100,A1,1,1,39,80,41,1893
v12345_50f_live_noiselow,7,s11100,A2,s11100,A2,1,1,51,82,31,1893
v12345_50f_live_noiselow,8,s00010,B1,s00010,B1,1,1,48,73,25,1893
v12345_50f_live_noiselow,9,s10010,B2,s10010,B2,1,1,67,92,25,1893
v12345_50f_live_noiselow,10,s01010,B3,s01010,B3,1,1,65,86,21,1893
v12345_50f_live_noiselow,11,s11010,B4,s11010,B4,1,1,50,78,28,1893
v12345_50f_live_noiselow,12,s00110,B1,s00110,B1,1,1,57,82,25,1893
v12345_50f_live_noiselow,13,s10110,B2,s10110,B2,1,1,58,87,29,1893
v12345_50f_live_noiselow,14,s01110,B3,s01110,B3,1,1,50,84,34,1893
v12345_50f_live_noiselow,15,s11110,B4,s11110,B4,1,1,60,81,21,1893
v12345_50f_live_noiselow,16,s00001,A1,s00001,A1,1,1,46,66,20,1893
v12345_50f_live_noiselow,17,s10001,A2,s10001,A2,1,1,23,74,51,1893
v12345_50f_live_noiselow,18,s01001,A1,s01001,A1,1,1,41,64,23,1893
v12345_50f_live_noiselow,19,s11001,A2,s11001,A2,1,1,13,63,50,1893
v12345_50f_live_noiselow,20,s00101,A1,s00101,A1,1,1,45,63,18,1893
v12345_50f_live_noiselow,21,s10101,A2,s10101,A2,1,1,47,72,25,1893
v12345_50f_live_noiselow,22,s01101,A1,s01101,A1,1,1,39,68,29,1893
v12345_50f_live_noiselow,23,s11101,A2,s11101,A2,1,1,44,76,32,1893
v12345_50f_live_noiselow,24,s00011,C1,s00011,C1,1,1,44,70,26,1893
v12345_50f_live_noiselow,25,s10011,C2,s10011,C2,1,1,55,83,28,1893
v12345_50f_live_noiselow,26,s01011,C3,s01011,C3,1,1,54,94,40,1893
v12345_50f_live_noiselow,27,s11011,C4,s11011,C4,1,1,62,85,23,1893
v12345_50f_live_noiselow,28,s00111,C5,s00111,C5,1,1,57,87,30,1893
v12345_50f_live_noiselow,29,s10111,C6,s10111,C6,1,1,63,89,26,1893
v12345_50f_live_noiselow,30,s01111,C7,s01111,C7,1,1,66,100,34,1893
v12345_50f_live_noiselow,31,s11111,C8,s11111,C8,1,1,77,92,15,1893
v12345_BLJIT_factory,0,s00000,A1,s01000,A1,0,1,10,38,28,1893
v12345_BLJIT_factory,1,s10000,A2,s10000,A2,1,1,35,94,59,1893
v12345_BLJIT_factory,2,s01000,A1,s01000,A1,1,1,34,83,49,1893
v12345_BLJIT_factory,3,s11000,A2,s11000,A2,1,1,31,66,35,1893
v12345_BLJIT_factory,4,s00100,A1,s00100,A1,1,1,8,28,20,1893
v12345_BLJIT_factory,5,s10100,A2,s10100,A2,1,1,15,68,53,1893
v12345_BLJIT_factory,6,s01100,A1,s01100,A1,1,1,37,76,39,1893
v12345_BLJIT_factory,7,s11100,A2,s11000,A2,0,1,0,33,33,1893
v12345_BLJIT_factory,8,s00010,B1,s00010,B1,1,1,79,111,32,1893
v12345_BLJIT_factory,9,s10010,B2,s10010,B2,1,1,67,101,34,1893
v12345_BLJIT_factory,10,s01010,B3,s01010,B3,1,1,50,108,58,1893
v12345_BLJIT_factory,11,s11010,B4,s11010,B4,1,1,64,102,38,1893
v12345_BLJIT_factory,12,s00110,B1,s00110,B1,1,1,28,80,52,1893
v12345_BLJIT_factory,13,s10110,B2,s10110,B2,1,1,49,81,32,1893
v12345_BLJIT_factory,14,s01110,B3,s01110,B3,1,1,27,81,54,1893
v12345_BLJIT_factory,15,s11110,B4,s11110,B4,1,1,9,60,51,1893
v12345_BLJIT_factory,16,s00001,A1,s00001,A1,1,1,10,55,45,1893
v12345_BLJIT_factory,17,s10001,A2,s10001,A2,1,1,73,123,50,1893
v12345_BLJIT_factory,18,s01001,A1,s01001,A1,1,1,41,83,42,1893
v12345_BLJIT_factory,19,s11001,A2,s11001,A2,1,1,2,69,67,1893
v12345_BLJIT_factory,20,s00101,A1,s00101,A1,1,1,21,48,27,1893
v12345_BLJIT_factory,21,s10101,A2,s10001,A2,0,1,7,89,82,1894
v12345_BLJIT_factory,22,s01101,A1,s01101,A1,1,1,25,65,40,1893
v12345_BLJIT_factory,23,s11101,A2,s11001,A2,0,1,7,48,41,1893
v12345_BLJIT_factory,24,s00011,C1,s00011,C1,1,1,56,78,22,1893
v12345_BLJIT_factory,25,s10011,C2,s10011,C2,1,1,87,108,21,1893
v12345_BLJIT_factory,26,s01011,C3,s01011,C3,1,1,39,69,30,1893
v12345_BLJIT_factory,27,s11011,C4,s11011,C4,1,1,70,87,17,1893
v12345_BLJIT_factory,28,s00111,C5,s00111,C5,1,1,26,69,43,1893
v12345_BLJIT_factory,29,s10111,C6,s10111,C6,1,1,55,87,32,1893
v12345_BLJIT_factory,30,s01111,C7,s01111,C7,1,1,45,80,35,1893
v12345_BLJIT_factory,31,s11111,C8,s11111,C8,1,1,59,83,24,1893
v12345_BLJIT_live,0,s00000,A1,s00000,A1,1,1,10,110,100,1894
v12345_BLJIT_live,1,s10000,A2,s10000,A2,1,1,22,100,78,1893
v12345_BLJIT_live,2,s01000,A1,s01000,A1,1,1,37,119,82,1893
v12345_BLJIT_live,3,s11000,A2,s11000,A2,1,1,26,105,79,1893
v12345_BLJIT_live,4,s00100,A1,s00100,A1,1,1,24,103,79,1893
v12345_BLJIT_live,5,s10100,A2,s10100,A2,1,1,67,101,34,1893
v12345_BLJIT_live,6,s01100,A1,s01100,A1,1,1,49,115,66,1893
v12345_BLJIT_live,7,s11100,A2,s11100,A2,1,1,59,112,53,1893
v12345_BLJIT_live,8,s00010,B1,s00010,B1,1,1,70,96,26,1893
v12345_BLJIT_live,9,s10010,B2,s10010,B2,1,1,78,119,41,1893
v12345_BLJIT_live,10,s01010,B3,s01010,B3,1,1,79,112,33,1893
v12345_BLJIT_live,11,s11010,B4,s11010,B4,1,1,58,110,52,1893
v12345_BLJIT_live,12,s00110,B1,s00110,B1,1,1,69,102,33,1893
v12345_BLJIT_live,13,s10110,B2,s10110,B2,1,1,65,113,48,1893
v12345_BLJIT_live,14,s01110,B3,s01110,B3,1,1,66,114,48,1893
v12345_BLJIT_live,15,s11110,B4,s11110,B4,1,1,62,108,46,1893
v12345_BLJIT_live,16,s00001,A1,s00001,A1,1,1,56,103,47,1893
v12345_BLJIT_live,17,s10001,A2,s10001,A2,1,1,36,119,83,1893
v12345_BLJIT_live,18,s01001,A1,s01001,A1,1,1,43,91,48,1893
v12345_BLJIT_live,19,s11001,A2,s11001,A2,1,1,3,80,77,1893
v12345_BLJIT_live,20,s00101,A1,s00101,A1,1,1,34,81,47,1893
v12345_BLJIT_live,21,s10101,A2,s10101,A2,1,1,50,99,49,1893
v12345_BLJIT_live,22,s01101,A1,s01101,A1,1,1,42,86,44,1893
v12345_BLJIT_live,23,s11101,A2,s11101,A2,1,1,71,111,40,1893
v12345_BLJIT_live,24,s00011,C1,s00011,C1,1,1,65,107,42,1893
v12345_BLJIT_live,25,s10011,C2,s10011,C2,1,1,76,110,34,1893
v12345_BLJIT_live,26,s01011,C3,s01011,C3,1,1,41,111,70,1893
v12345_BLJIT_live,27,s11011,C4,s11011,C4,1,1,86,114,28,1893
v12345_BLJIT_live,28,s00111,C5,s00111,C5,1,1,76,122,46,1893
v12345_BLJIT_live,29,s10111,C6,s10111,C6,1,1,87,127,40,1893
v12345_BLJIT_live,30,s01111,C7,s01111,C7,1,1,102,127,25,1893
v12345_BLJIT_live,31,s11111,C8,s11111,C8,1,1,90,127,37,1894
